<?xml version="1.0" encoding="UTF-8"?>
<!DOCTYPE mapper
        PUBLIC "-//mybatis.org//DTD Mapper 3.0//EN"
        "http://mybatis.org/dtd/mybatis-3-mapper.dtd">

<mapper namespace="com.kosa.task.mapper.MenuMapper">

    <!-- 맛집 메뉴 리스트 가져오기 -->
    <select id="findMenusByRestaurantId" resultMap="menuResultMap">
        SELECT id, restaurant_id, name, price, created_at, updated_at
        FROM restaurant_menu
        WHERE restaurant_id = #{restaurantId}
    </select>

    <!-- 메뉴 등록 -->
    <insert id="insertMenu" >
        INSERT INTO restaurant_menu (restaurant_id, name, price, created_at, updated_at)
        VALUES (#{restaurant_id}, #{name}, #{price}, SYSDATE, SYSDATE)
    </insert>

    <!-- 결과 매핑 -->
    <resultMap id="menuResultMap" type="com.kosa.task.domain.RestaurantMenu">
        <id property="id" column="id"/>
        <result property="restaurant_id" column="restaurant_id"/>
        <result property="name" column="name"/>
        <result property="price" column="price"/>
        <result property="created_at" column="created_at"/>
        <result property="updated_at" column="updated_at"/>
    </resultMap>

</mapper>
