<?xml version="1.0" encoding="UTF-8"?>
<!DOCTYPE mapper
        PUBLIC "-//mybatis.org//DTD Mapper 3.0//EN"
        "http://mybatis.org/dtd/mybatis-3-mapper.dtd">

<mapper namespace="com.kosa.task.mapper.RestaurantMapper">
    <!-- 레스토랑 결과 맵핑 -->
<!--    <resultMap>: SQL 쿼리 결과를 Java 객체에 어떻게 매핑할지 정의-->
<!--    id="restaurantResultMap"은 매핑 ID이고,
type="com.kosa.task.domain.Restaurant"는 이 매핑이 Restaurant 클래스에 적용된다는 의미-->
    <resultMap id="restaurantResultMap" type="com.kosa.task.domain.Restaurant">
        <id property="id" column="id"/>
        <result property="name" column="name"/>
        <result property="address" column="address"/>
        <result property="created_at" column="created_at"  />
        <result property="updated_at" column="updated_at"  />

        <!-- 메뉴를 포함하기 위한 collection -->
        <collection property="menuList" ofType="com.kosa.task.domain.RestaurantMenu">
            <id property="id" column="menu_id"/>
            <result property="name" column="menu_name"/>
            <result property="price" column="price"/>
            <result property="created_at" column="menu_created_at"  jdbcType="TIMESTAMP"/>
            <result property="updated_at" column="menu_updated_at"  jdbcType="TIMESTAMP"/>
        </collection>

        <!-- 리뷰 목록 -->
        <collection property="reviewList" ofType="com.kosa.task.domain.Review">
            <id property="id" column="review_id"/>
            <result property="content" column="review_content"/>
            <result property="score" column="review_score"/>
            <result property="created_at" column="review_created_at"/>
            <result property="updated_at" column="review_updated_at"/>
        </collection>
    </resultMap>


    <!-- 레스토랑 목록을 가져오는 쿼리 -->
    <select id="findAll" resultMap="restaurantResultMap">
        SELECT
            r.id,
            r.name,
            r.address,
            r.created_at,
            r.updated_at,
            m.id AS menu_id,
            m.name AS menu_name,
            m.price,
            m.created_at AS menu_created_at,
            m.updated_at AS menu_updated_at
        FROM restaurant r
                 LEFT JOIN restaurant_menu m ON r.id = m.restaurant_id
    </select>

    <!-- 특정 레스토랑 정보를 가져오는 쿼리 -->
    <select id="findById" resultMap="restaurantResultMap">
        select r.id, r.name, r.address, r.created_at, r.updated_at
        from restaurant r
        where r.id = #{restaurantId}
    </select>

    <!-- 맛집 등록 -->
    <insert id="insertRestaurant" >
        <selectKey resultType="int" keyProperty="id" order="BEFORE">
            SELECT restaurant_seq.NEXTVAL FROM dual
        </selectKey>

        INSERT INTO restaurant (name, address, created_at, updated_at)
        VALUES (#{name}, #{address}, SYSDATE, SYSDATE)


    </insert>

    <!-- 맛집 삭제-->
    <delete id="deleteRestaurant" parameterType="int">
        delete from restaurant where id=#{restaurant_id}
    </delete>

    <!--t수정-->
    <update id="updateRestaurant" parameterType="com.kosa.task.domain.Restaurant">
        UPDATE restaurant
        SET name = #{name},
            address = #{address}
        WHERE id = #{id}
    </update>


</mapper>
