<?xml version="1.0" encoding="UTF-8"?>
<!DOCTYPE mapper
        PUBLIC "-//mybatis.org//DTD Mapper 3.0//EN"
        "http://mybatis.org/dtd/mybatis-3-mapper.dtd">

<mapper namespace="com.kosa.task.mapper.ReviewMapper">
    <!-- 리뷰 작성 -->
    <insert id="insertReview">
        INSERT INTO review (restaurant_id, content, score, created_at)
        VALUES (#{restaurant_id}, #{content}, #{score}, SYSDATE)
    </insert>
<!-- 리뷰 삭제-->
    <delete id="deleteReview" parameterType="int">
        delete from review where id=#{review_id}
    </delete>
    <!-- 리뷰 리스트 가져오기 -->
    <select id="findReviewsByRestaurantId"  resultMap="reviewResultMap">
        SELECT *
        FROM review
        WHERE restaurant_id = #{restaurantId}
    </select>

    <!-- 결과 매핑 -->
    <resultMap id="reviewResultMap" type="com.kosa.task.domain.Review">
        <id property="id" column="id"/>
        <result property="restaurant_id" column="restaurant_id"/>
        <result property="content" column="content"/>
        <result property="score" column="score"/>
        <result property="created_at" column="created_at"/>
    </resultMap>


</mapper>